"day","temp","dewp","NUM_COLLISIONS"
4,37.8,23.6,381
5,27.1,10.5,480
6,28.4,14.1,549
7,33.4,18.6,505
2,36.1,18.7,389
1,38.3,25,393
3,40.9,23.8,521
4,40.7,25.4,513
5,43.8,30.8,487
6,44.3,25.4,555
7,40.5,27.1,660
2,44.6,43,475
1,45.3,43.1,373
3,52.5,45.4,542
4,37.9,27.9,516
5,34.2,30,578
6,39.2,28,491
7,30.2,12.2,561
2,37.3,18.1,484
1,45.3,23.4,393
3,29.8,9.3,355
4,22.4,4,544
5,14.4,-5.4,545
6,16.8,-1.7,554
7,17.1,1.5,674
2,19.9,9.2,558
1,24.5,7.5,429
3,31.8,19,507
4,40.3,35.3,542
5,45.7,42.9,497
6,49.1,36.5,592
7,29.3,9.5,574
2,24.1,6.5,534
1,26.5,18,445
3,26.8,10.5,553
4,29.1,20.3,566
5,33.3,23.1,566
6,29.3,6.2,526
7,32.3,26.2,703
2,28.8,21,403
1,25.2,8.5,400
3,38.5,32.4,475
4,41.9,28.8,498
5,38.2,22.5,570
6,38.2,26.7,631
7,43,30.7,604
2,37.9,28,449
1,29,6.6,447
3,23.4,2,398
4,39.2,22.4,477
5,33.8,16.8,510
6,28,9.8,498
7,30,17.2,531
2,38,34.3,521
1,39.3,32.4,426
3,37.5,22.7,490
4,39.9,28.7,537
5,40.2,36.8,550
6,45.2,32.9,517
7,40,27.4,603
2,36.7,22.8,474
1,32.6,18.7,502
3,32.8,16.4,597
4,37.9,20.6,527
5,40.1,29.3,475
6,36.7,28.2,535
2,43.7,22.1,569
1,41.8,28.6,415
3,44.7,38.2,522
4,50.3,47.3,547
5,45,29.9,636
6,35.6,13.6,557
7,36.1,13.5,607
2,37.3,24.1,521
1,33,20,426
3,32.1,14.1,623
4,36,32.2,559
5,38.5,18.9,540
6,35.7,16,508
7,34,13.9,604
2,38.4,17.6,488
1,39.1,18.2,451
3,38.3,27.7,498
4,42.2,27.3,425
5,43.8,22.7,441
6,43.3,27.8,549
7,46.7,26.4,520
2,48,24.5,513
1,49.3,29.7,426
3,49.3,40.8,479
4,38,10.9,437
5,38.4,9.5,532
6,39.9,16.4,566
7,49,22.3,582
2,43.1,13.2,531
1,46.2,31,451
3,59,40.8,582
4,65.7,42.7,613
5,65.1,45.9,580
6,56.2,50.1,517
7,44.2,38.8,649
2,46.5,36.8,555
1,52.3,30.4,472
3,49.9,27,603
4,53.9,43.9,564
5,62.7,45.3,535
6,55.3,39.9,553
7,60.8,55,570
2,55.5,38,532
1,46,20.5,471
3,47.6,29.9,565
4,45.4,34.5,513
5,52.9,41.1,598
6,56.1,31.5,583
7,57.3,29.4,675
2,57.8,27.8,517
1,58.9,31.1,440
3,55,44,598
4,57.7,38.2,576
5,57,32.7,576
6,58.9,41.2,585
7,56.6,37.9,686
2,54.7,41.4,580
1,52.1,38.7,515
3,55.4,44.7,561
4,60.9,50.8,592
5,60.3,56.6,620
6,58.9,54.2,602
7,66.9,54,698
2,64.4,60.1,523
1,62.6,45.3,527
3,51.7,26.7,577
4,51.1,27.2,565
5,58,39.9,532
6,69.5,51,559
7,66.4,40.2,741
2,61,46.6,506
1,57.3,53.4,544
3,65,60,657
4,75.9,65.2,697
5,71,63.4,570
6,71.5,66.2,735
7,59.6,57,668
2,48.1,41.7,514
1,55.5,35.6,455
3,61.7,34.9,420
4,61.1,47.1,686
5,66.9,60.6,574
6,81,63.4,685
7,83,63.4,736
2,80.8,64.1,631
1,80.1,65.9,487
3,72.2,67.3,707
4,66.1,45.6,613
5,66,41.7,599
6,63.8,53.8,605
7,61.5,59.4,791
2,64.9,58.9,571
1,71.7,57.6,533
3,67.7,62.1,624
4,69.6,63.6,635
5,70.9,53.2,615
6,65.7,55.6,534
7,59.9,53.8,693
2,69.4,52,596
1,72.8,53.8,477
3,75.3,63.4,614
4,72.8,63.8,613
5,67.4,54.4,622
6,69.6,52.4,681
7,71.6,51.6,690
2,72.4,54,599
1,76.1,62.6,505
3,80.6,68.1,680
4,80.9,64.9,648
5,79.4,65.6,621
6,78.1,68.7,598
7,77.1,69.4,608
2,76.2,65.9,591
1,77.5,70.8,423
3,74.2,71,633
4,75.6,71.7,601
5,76,71.4,635
6,79.5,72.8,438
7,82.3,70.7,576
2,84.6,70.1,516
1,85.6,70.7,475
3,81.3,65.8,617
4,78.8,67.2,583
5,79.4,70.5,614
6,80.6,68.7,550
7,75,62.6,599
2,72.2,68.9,575
1,80.3,71.5,471
3,85.3,69.7,581
4,85.9,66.3,582
5,86.7,66.3,609
6,88.2,68.6,636
7,89.1,72.1,697
2,86.7,70.1,551
1,82.3,63.7,447
3,78.2,70,591
4,78.7,71.4,571
5,78.5,64.5,571
6,67.3,52.3,507
7,72.2,57.5,617
2,75.2,61.2,516
1,73.3,65.2,485
3,75.1,64.9,597
4,74.4,53.3,584
5,74.1,56.3,553
6,71.5,62.8,643
7,73.6,62.9,626
2,73.4,60,492
1,73.2,56,454
3,70.2,47,545
4,72.1,52.5,543
5,73.4,60.5,508
6,73.8,69.3,549
7,77,71.9,579
2,77.2,62.8,495
1,73.5,53,481
3,74.5,64.2,519
4,73.2,67.2,552
5,68.3,52.3,622
6,68.6,47.5,599
7,70.9,51.5,678
2,72.6,53.5,504
1,72.1,54.6,442
3,72.1,58.2,462
4,76.6,61.9,542
5,80.1,61.4,562
6,75.6,68.8,578
7,75.5,60.8,636
2,72,49.8,527
1,72.8,53.9,459
3,74.5,56.8,521
4,77.8,66.1,506
5,76.4,68,482
6,73.8,67.5,572
7,75.1,64.3,599
2,78.3,68.8,480
1,78.9,70.1,480
3,76.9,71.8,431
4,75.7,64.8,551
5,72.7,54,604
6,73,51.4,493
7,64.7,39.9,524
2,67.8,45.9,585
1,73.7,52.8,500
3,65.3,45.6,632
4,74.9,63.7,629
5,84.4,70.9,576
6,80,69.8,695
7,70.1,61.5,652
2,60.3,44.5,519
1,60.4,43.3,476
3,65.2,51.7,570
4,57.8,38.3,627
5,60,41.9,571
6,64.3,47.4,536
7,67.6,53.9,631
2,67.7,59.5,546
1,65.3,53.6,585
3,57.5,39.8,661
4,58.4,40.3,615
5,62.5,43.4,539
6,63,52.3,516
7,61.8,50.8,553
2,64.1,49.4,547
1,63.7,52.2,506
3,63.1,50.7,605
4,68.2,52.1,616
5,72.7,55.9,647
6,71.7,54.7,590
7,73.5,59.7,658
2,69.5,61.5,497
1,67.2,63.1,404
3,69.6,64.7,618
4,60.8,43.9,574
5,58.3,42.3,529
6,58.4,48.4,559
7,63.3,54.4,621
2,65.2,45.7,556
1,60.3,49.4,502
3,58.2,46.2,440
4,60,49.6,615
5,60.6,51.9,548
6,65.3,58.1,574
7,63.5,47.6,680
2,58.3,42,471
1,57.4,39.6,490
3,57.4,35.5,616
4,59.5,44.8,540
5,51.8,35.1,558
6,47.4,29.5,632
7,46.3,27.4,647
2,47.9,29,626
1,52.1,28.9,512
3,51.5,29.6,620
4,50.2,30,600
5,52.8,39,558
6,59.7,52.7,615
7,66.2,56.7,710
2,61.3,46.6,551
1,49.6,32.9,415
3,39.4,15.9,658
4,46.8,30.4,510
5,54.4,42.1,635
6,57.8,51,646
7,45,26.7,682
2,43.7,24.2,571
1,49.6,31.1,474
3,48.2,25,456
4,42.8,24.9,647
5,33.1,12.9,593
6,40.7,15.2,620
7,50,20.2,617
2,52.3,35.5,612
1,54.6,49.8,532
3,60.4,45.5,611
4,47.1,23.1,600
5,37.5,16,607
6,42.1,24.8,628
7,52.8,43.7,702
2,46.3,27.8,536
1,27.6,4.8,494
3,27.5,6.8,710
5,48.5,44.4,742
6,33.2,13.3,429
7,33.7,13.8,437
2,31.2,14.3,479
1,41.3,28.2,420
3,45.1,32.4,549
4,44.8,34.3,553
5,45.7,34.7,520
6,52.8,47,573
7,52.4,48.3,759
2,38.2,29.1,567
1,31.6,15.6,456
3,34.6,31.2,639
4,35.7,30.2,539
5,30.1,14.1,605
6,26.8,8,648
7,27.8,7.7,695
2,28.2,17.5,690
1,33.1,27.5,450
3,30.3,12.7,640
4,27.3,16,703
5,28.9,18.3,701
6,36.5,20.7,607
7,46.8,28.4,674
2,55.4,44.4,594
1,65.5,55.4,505
3,59.8,54,707
4,38.8,23.9,515
6,31.9,18.7,428
7,35.2,18.7,476
2,43,22,475
1,45.9,30.4,394
3,39.8,29.2,476
4,26,10.4,465
5,28.2,10.7,399
6,28.5,19.6,603
7,15.6,6.7,423
2,15.8,-1.4,418
1,30.3,21.9,320
3,45.6,39.8,518
4,12.3,-8,491
5,12.9,-5.1,616
6,25.3,5.4,561
7,32.3,22.6,667
2,47.7,45.2,465
1,47.6,33.8,388
3,42.7,29.3,568
4,48.3,40,559
5,42.6,37.5,583
6,39.4,32.7,521
7,37.8,23.5,589
2,37.6,26.9,448
1,29.1,16,380
3,39,21.1,360
5,12.3,0,498
6,13.1,-2.3,612
7,14.7,-3.6,705
2,21.8,6.6,475
1,21.4,5.3,465
3,34.8,17.4,511
4,17.8,-7.2,504
5,17.4,-2.4,649
6,21.2,0.2,657
7,30.7,9.9,560
2,39.1,17.2,507
1,45.1,34.2,417
4,28.3,20.9,613
5,31.8,27.5,468
6,27.3,18.7,569
7,27.6,13.5,675
2,25.9,5,424
1,25.5,8.3,450
3,25.1,12.4,678
4,21.7,4.1,636
5,18.9,2.7,640
6,29.9,24.8,447
7,35.5,26.4,792
2,35.6,23.9,516
1,26.6,11.6,464
3,23.7,3.1,491
4,32,18.5,518
5,38.4,28.2,552
6,42.8,26.6,556
7,39.4,36.3,545
2,46,25.8,587
1,48.6,26,414
3,39.1,17,569
4,28.2,9,513
5,27.4,9.3,511
6,24.6,1.3,571
7,16.5,-8,655
2,27.2,5.8,497
1,36.9,17.9,344
3,25.3,7.2,440
4,20.1,-0.1,532
5,31.3,6,491
6,24.5,4.1,558
7,30.2,17.9,533
2,42.8,26.9,515
1,41.4,18.9,404
3,42.3,18.9,513
4,53.6,30.9,510
5,52.5,38.4,515
6,28.7,11.7,545
7,30.5,5.2,585
2,49.9,24.2,519
1,37,10.4,412
3,28.9,2.5,519
4,33.9,7.3,551
5,36.9,27.1,525
6,45.6,34.5,627
7,44.1,18.4,589
2,49.9,25.2,493
1,40.9,17.7,427
3,28,2.8,547
4,32.4,7.4,474
5,33.1,9.4,563
6,30.5,6.5,538
7,48,33.7,530
2,50.7,42.9,569
1,45.3,41.9,437
3,43.5,32.6,559
4,46.8,26.9,549
5,47.3,35.6,519
6,53.6,30.8,592
7,44.4,35.3,622
2,45.8,32.8,580
1,45.3,19.9,484
3,47.2,31.4,533
4,52.6,44.1,606
5,52.2,28.7,595
6,50.5,19.3,645
7,62.1,37.1,609
2,60.4,39.7,578
1,63,42.1,482
3,67.3,52.2,514
4,58.5,53.5,452
5,38.8,22,570
6,41.6,21.3,508
7,41.4,28.1,496
2,52.6,28.3,525
1,52.1,26.1,393
3,52,27.4,521
4,59,44.3,459
5,55.7,38.4,536
6,50.5,18.2,586
7,52.6,19.4,617
2,53,42,548
1,51.9,34.6,449
3,54.5,32.5,597
4,49.7,36.8,555
5,44.2,40.6,651
6,61.1,52.4,650
7,63.4,41.8,698
2,61.3,36.6,590
1,57.6,41,451
3,58.4,29.7,618
4,60.3,28,565
5,59.1,28.5,603
6,55.9,48.7,596
7,58,54.6,584
2,65.6,60.2,549
1,70.1,46.3,584
3,73.8,49.3,581
4,68.5,49.5,560
5,58.2,47.3,638
6,63.1,59.5,659
7,65.9,62.8,700
2,61.6,48.2,619
1,60,36.4,507
3,60.3,32.4,572
4,66.2,36.9,650
5,69.5,45.3,575
6,62.7,56.3,593
7,62.2,56.5,660
2,60.2,54.1,486
1,65.8,51.1,472
3,74.7,48,433
4,78.3,55,645
5,61.5,52.8,538
6,56.3,43.4,663
7,63.3,44.7,650
2,64.2,48.7,587
1,64.8,41.2,604
3,69.7,45.4,643
4,75.3,58.5,663
5,70.8,62.3,582
6,68.1,60,569
7,67.7,47.9,743
2,71,50.9,623
1,75,53.9,516
3,67.4,59.2,528
4,69.5,64.5,569
5,67,60.6,576
6,64.7,59.5,563
7,69.5,65.6,708
2,69,59.3,613
1,67.7,50.3,475
3,72.3,55.3,622
4,77.7,62.1,666
5,83.4,62.7,663
6,74.9,62,675
7,71.8,50.5,765
2,70.4,46.6,557
1,69.8,53.2,477
3,71.8,54.4,644
4,73.1,57.9,632
5,75.4,65.8,646
6,76.6,67.6,670
7,75.1,60.6,660
2,74.5,54.8,611
1,74.4,56.2,537
3,75.7,59.1,610
4,79.1,66.8,616
5,81.3,69.4,658
6,77.3,71.8,740
7,70.4,65.9,360
2,71.4,49.1,505
1,76,52.5,451
3,79.8,61.8,614
4,81.4,66.6,594
5,78.8,65,569
6,75.4,62.1,584
7,76.8,58.4,642
2,76.2,60.5,550
1,75.8,65.2,439
3,75.7,70.8,567
4,75.3,72,587
5,73.3,64.9,551
6,73.6,54.8,587
7,73.4,52.8,624
2,72.2,51.3,480
1,71.9,58.5,451
3,73.9,60.3,557
4,77,63.5,587
5,79.7,66.9,591
6,75.1,63.6,539
7,73.7,53.4,653
2,73.9,59.9,534
1,77,67,476
3,75.8,65.3,595
4,69.6,52.5,526
5,70.8,51.2,605
6,73.5,57.3,626
7,75.5,65.2,667
2,70.4,61.8,540
1,69.5,62.3,476
3,75,64.7,589
4,78.6,61.8,606
5,76.3,60.3,562
6,74.4,52.5,585
7,73.2,51.2,601
2,76,52.8,538
1,77.5,56.1,512
3,77.5,56.2,604
4,74.4,64.9,491
5,72.5,66.3,572
6,70.9,52.5,625
7,68,48.8,522
2,70.3,50.5,490
1,73.6,54.5,476
3,72,52.3,595
4,72.2,56.5,516
5,75.1,60.5,551
6,73.9,60.3,567
7,70.6,62.7,568
2,70.4,58.2,454
1,70.7,58.4,437
3,74.3,57.8,549
4,77.7,61.6,608
5,78.5,60.9,538
6,76.4,56.2,618
7,69.6,48.9,631
2,71.4,56.4,510
1,77,66.9,495
3,79.3,70.6,392
4,83.5,69.5,700
5,79.4,59.5,580
6,77.9,56.9,727
7,78.2,67.8,647
2,80.9,70.9,553
1,72.6,57.5,477
3,70.1,52.2,598
4,68.1,56,592
5,69.4,56.7,618
6,73.9,63.5,619
7,70.1,52.7,730
2,63.9,52.7,558
1,60.9,48.3,528
3,62.8,43.4,610
4,63.5,53.5,613
5,64.3,45.5,658
6,65.8,47.4,650
7,61.6,44.5,648
2,65,52.7,594
1,70.2,65,515
3,67.3,52.7,662
4,60.1,40.1,592
5,64.1,52.3,566
6,61.7,53.7,491
7,66.2,51.3,643
2,70.7,53.4,600
1,73.1,57.4,512
3,72.4,57.9,566
4,68.8,57.9,589
5,63.2,57.1,559
6,63.5,54.1,558
7,62.9,50.7,719
2,64.2,57.1,531
1,53.1,34.7,505
3,58.6,42.1,639
4,66.2,52.6,620
5,66.7,53,639
6,62.6,37.8,499
7,58.7,37,541
2,54.9,46.5,546
1,54,41.1,473
3,58.7,47.7,451
4,67.9,61.3,697
5,71.4,64.8,575
6,68.8,63.8,602
7,64.6,51.4,648
2,63.8,50.3,494
1,53.4,34.4,483
3,49.4,30.9,591
4,60.2,46.2,607
5,55.5,51.2,708
6,51.4,46.9,639
7,54.7,43.3,669
2,58.1,39.2,515
1,58.4,38.6,515
3,56,35.6,642
4,60.6,44,571
5,64.5,52.4,556
6,52.5,40.3,626
7,49.9,34.8,668
2,46.5,39.1,656
1,44.1,28.1,532
3,47.6,22.7,625
4,59.5,23.7,538
5,60.4,36.4,554
6,52,42.2,652
7,49,38.5,641
2,41.9,24.7,543
1,50,32,419
3,51.9,32.5,560
4,56.4,47.7,493
5,59.5,52.6,546
6,45.1,30.1,696
7,38.6,26,654
2,37.2,17.3,529
1,40,20.4,429
3,43.7,38.2,666
4,35.4,16.3,712
5,26.7,4.5,633
6,38.2,16.3,635
7,32.3,8.1,677
2,34.3,11.1,512
1,47.4,22.2,425
3,60.7,53.2,722
4,60,40.4,599
5,42.9,30.4,742
6,36.3,30.3,378
7,33.5,19.6,444
2,31.4,12.7,394
1,47.5,30.7,377
3,55.4,40.5,644
4,39.4,26.8,611
5,43.8,39.6,569
6,41.2,22.5,606
7,38.4,26,673
2,44.8,42,628
1,38.2,24.6,493
3,29.2,11.1,579
4,38.2,33.7,645
5,37.7,32.7,649
6,34.1,22.5,669
7,34.5,21,687
2,37.5,23.7,594
1,41,28.3,439
3,41.6,28.7,720
4,43.2,35.2,645
5,47.4,39.7,555
6,40.7,24.2,621
7,36.2,21.6,652
2,31.7,19.1,505
1,32.4,23.2,409
3,37.4,31.8,566
4,44.4,41.8,732
5,45.5,44.1,519
6,53.2,41.7,303
7,44.9,27.6,446
2,47.7,30.1,406
1,49.4,36.8,349
3,41.4,21.6,411
4,32.5,14.6,469
5,29.4,8.5,461
6,31.4,8.1,395
7,38.7,16.1,442
2,35.5,22.4,456
1,45.4,42.3,381
3,40.9,19.1,498
4,21,4.8,777
5,20.7,5.7,538
6,13,-6.2,573
7,24.9,7.5,751
2,21.1,-0.3,481
1,25.7,3,341
3,36.9,23.7,580
4,29.5,17.3,613
5,22.8,9.5,506
6,29.5,16.3,548
7,33.4,14.9,563
2,22.2,1.8,495
3,39.2,27.9,496
4,37.5,20.2,500
5,31.4,8.9,495
6,34.4,19,508
7,32.7,15.6,598
2,35.4,29.3,428
1,37.8,20,406
3,26.5,12.7,484
5,23.6,3.8,458
6,26.6,6.5,519
7,34.2,23,622
2,19.6,-0.2,526
1,27.6,11.4,361
3,29.9,25,680
4,18.1,7.6,740
5,31.2,17.3,585
6,33.8,16.1,569
7,17.9,-1.5,652
2,29.8,12.6,449
1,35.1,27.6,394
3,27.7,21,547
4,30,19.3,571
5,28.3,12.2,610
6,32.3,19.4,526
7,16.1,-4.7,757
2,23.4,4.9,436
1,18.9,4.1,454
3,9.8,-11.8,402
4,20.2,5,620
5,24.9,10.3,626
6,20.9,2.1,515
7,10,-11.1,621
2,20.5,3.2,517
1,34.3,28.2,519
3,28.2,8.4,574
4,12.1,-6.8,580
5,27.6,9.5,628
6,26.8,8.2,539
7,23.2,5,703
2,21.5,-1.9,538
1,27.2,7,693
3,32.4,19.1,650
4,28.2,11.9,631
5,38.5,33,574
6,30.3,27.2,830
2,26.1,8.7,578
1,41.4,21.3,464
3,46.6,23,661
4,47.2,30.1,584
5,48.8,39.6,565
6,45.1,11,586
7,37.6,4.8,609
2,44,37.5,507
1,42.4,31.3,459
3,40.7,23.7,529
4,49.7,31.1,528
5,33.9,8.7,547
6,34,5.1,582
7,34.5,12.3,570
2,33.7,27.5,507
1,39.1,16.9,432
3,30.3,4.3,586
4,33.8,5.9,601
5,39.9,20.1,538
6,46.9,42.5,525
7,43.9,36.6,532
2,37.2,21.1,459
1,33.4,6.3,505
3,43.3,20.5,556
4,42.2,27.9,628
5,38.9,22.1,648
6,51.8,21.2,653
7,61.1,43.9,491
2,52.9,35.8,507
1,49.3,20.8,422
3,50.8,34.8,510
4,54.9,41,452
5,42.3,32.8,457
6,38.8,33.5,452
7,44.6,41.3,486
2,54.1,34.6,576
1,51.3,26.1,443
3,57.7,35.7,554
4,60.7,41.5,542
5,61,22.9,595
6,58,21,560
7,60.5,48.6,679
2,68,43.4,605
1,58.7,27.8,471
3,51.1,45.5,630
4,56.3,44.9,645
5,57.7,34.7,568
6,46.8,26.5,612
7,43.5,17.9,676
2,47,21.2,592
1,54.1,27.4,477
3,54.5,29.2,558
4,59,34.1,613
5,64.9,36.8,679
6,55.6,38.9,640
7,53.6,38.7,642
2,55.1,40.1,540
1,61.6,36.8,555
3,70.1,44,641
4,73.7,48.8,638
5,68.1,42.9,568
6,66.2,43.2,684
7,66.9,51.7,709
2,62.3,54.7,560
1,70,60.5,549
3,75.3,65,645
4,75.6,61.1,684
5,64.5,39.8,655
6,60,32.8,654
7,63.1,39.2,723
2,65.4,52.4,650
1,72.2,63.7,543
3,67.2,58.5,566
4,65.2,57.3,606
5,62,42.6,666
6,56.7,36.2,615
7,62.1,41,727
2,59.3,28.3,546
1,66.2,41.2,432
3,73.8,53.8,420
4,76.1,57.5,686
5,75.7,63.3,697
6,75.9,65.9,682
7,73.6,53.9,813
2,73.5,62.1,622
1,74.4,63.8,555
3,58,55,691
4,52.4,49.4,642
5,58,49.6,658
6,58,48.1,552
7,59.4,51,692
2,65.9,53.9,598
1,65,40.3,559
3,68.6,55.2,634
4,73.7,63.4,652
5,74,55.9,667
6,79.6,62.3,666
7,81.6,63.9,451
2,81.4,61.3,395
1,77.9,57.4,578
3,70.8,65.6,506
4,69.9,64.5,593
5,73.3,58.7,706
6,66.8,58.2,615
7,74.6,62.5,732
2,70.1,57.4,505
1,76.3,67.8,620
3,78.3,62.1,774
4,82.1,66.8,703
5,76.7,57.5,778
6,75,50.4,670
7,74.4,57.6,774
2,67.7,56,595
1,64.3,60,535
3,70.3,55.2,662
4,74.5,58,622
5,75,65.1,683
6,74.7,57.9,603
7,73.5,54.4,549
2,72,57.9,389
1,74.6,58.9,467
3,76.8,64.9,598
4,78.7,69.7,646
5,80.5,69.2,620
6,74.7,64.2,567
7,76.1,62.7,709
2,78.7,55.6,597
1,79.9,59.1,521
3,79.5,60.6,668
4,75.3,64.9,657
5,77,70,611
6,72.8,49.1,686
7,72.5,57.8,659
2,76.2,66.1,561
1,84.9,70.2,545
3,88,68.8,727
4,83.7,64.7,606
5,77.3,53.4,618
6,76.7,49,623
7,77.8,49,490
2,78.2,54.5,451
1,79.8,61.4,551
3,78.5,65.3,626
4,82.7,65.1,643
5,85.4,65.7,629
6,80.5,71.9,717
7,80.5,61.4,753
2,81.6,57.2,668
1,79.9,55.9,550
3,81.3,60,705
4,80.7,61.2,666
5,79.3,55.3,619
6,75.6,52.2,630
7,76.4,53.9,726
2,74.7,55.3,545
1,75,57,489
3,74.9,60,611
4,74.9,66.5,601
5,77,59.7,643
6,75.4,53.9,714
7,77.1,53.2,729
2,80.7,60.6,582
1,82.8,63.9,552
3,84.4,64.9,592
4,81.8,67,623
5,80,70.1,594
6,80.5,70.1,600
7,78.7,65,753
2,76.9,53.1,581
1,76,60.3,492
3,78.2,64.3,575
4,80.9,64.3,595
5,76,51.4,606
6,73.8,52.5,614
7,72.7,51.5,609
2,75.7,53.9,539
1,79.1,61.9,563
3,81.7,66,614
4,82,64,626
5,81.1,64.3,654
6,82.6,64.2,665
7,80.6,65.2,643
2,74,57.1,541
1,74.1,55.8,504
3,78.4,60.5,485
4,84.2,64.2,795
5,82,68.8,740
6,75.2,69.8,716
7,72.3,63.1,765
2,74,63.4,554
1,72,62.5,478
3,66.4,46.7,579
4,72,48.2,579
5,75.8,53.6,748
6,77,55.4,744
7,76.3,54.7,760
2,74.7,61.8,655
1,73.9,57,556
3,65.8,42.9,624
4,66.8,47.6,571
5,68.4,47.9,501
6,69.7,51.9,619
7,69,52.3,585
2,66.5,49.1,557
1,63.5,50,493
3,70.1,60.3,586
4,75.6,67.3,557
5,73.5,67.6,634
6,59.8,48.7,683
7,52.7,46.5,798
2,50.2,45,556
1,56.5,42.3,536
3,57.7,43.4,597
4,61.2,45.4,631
5,64.9,49.3,668
6,63.8,49.4,666
7,66.6,58.4,764
2,58.9,42.6,649
1,59.3,42.6,559
3,64.4,46.5,505
4,65.8,54.3,724
5,63.8,47,658
6,58.2,39.4,683
7,58.5,38.7,676
2,51.6,31.2,565
1,43.5,21.2,551
3,42.9,23.8,667
4,56.2,34.1,714
5,65,42.1,720
6,65.4,47.1,666
7,58.8,37.5,742
2,48.4,34.2,519
1,59.1,47.6,522
3,51.8,33.6,698
4,51.9,35.6,631
5,58,50.5,689
6,67.2,55.2,767
7,55.8,31.8,688
2,49.1,31.5,357
1,57.9,43.7,312
3,59.4,44.7,613
4,60.6,42.6,655
5,62.9,45.9,672
6,62.8,57.5,690
7,69.4,62.3,616
2,64.9,47.9,500
1,51.9,31.1,472
3,51.1,31.4,615
4,55,47.2,757
5,52.7,47.6,530
6,55.4,49.3,637
7,55.4,34.7,677
2,46.4,23.3,613
1,46.5,27,500
3,58.1,33.2,618
4,47.5,29,684
5,50.9,38.1,628
6,59.5,53.3,797
7,58.1,41.5,819
2,46.4,26.3,597
1,51.2,35.6,431
3,39.8,16.7,704
4,38.2,18,733
5,42.5,24.9,717
6,49,38,383
7,57.1,47.5,480
2,56.3,47.2,508
1,41.5,31.4,453
3,39.4,27.8,611
4,46.5,41.1,746
5,49.3,46.3,655
6,50.9,38.2,623
7,46.4,29.4,680
2,45.7,29.7,629
1,46.5,31.9,485
3,48,31.1,668
4,44.6,30.3,618
5,45.8,34.4,575
6,54.9,43.5,668
7,55.2,43.9,694
2,59.6,45.6,578
1,61.8,48.3,549
3,56.8,49.5,637
4,61.8,45.6,755
5,50.6,33.7,673
6,54.7,48.7,745
7,51.9,41.2,767
2,38.2,16.7,624
1,38.6,16.5,500
3,45,27.3,612
4,57.2,49.2,699
5,56.4,52,805
6,66.4,60.6,603
7,62,52.1,321
2,54.5,38.9,395
1,52,47.1,518
3,43.6,28.6,490
4,39.3,34.5,533
5,41.3,37.2,501
6,46.5,42.7,527
7,40.4,24.3,393
2,35.8,17.7,422
1,38.4,20,432
3,30.8,12.5,601
4,18.4,-2.3,640
5,31.2,2.8,625
6,37.9,8.7,542
7,40.2,25.5,602
2,43.3,35.7,554
1,50.4,45.9,462
3,35.2,13.1,680
4,32.2,11.5,637
5,27.1,7.8,605
6,27.9,8.6,597
7,41.2,27.5,722
2,46,37.3,563
1,37.3,23.1,451
3,27.1,11.4,481
4,21.1,1.5,662
5,30.7,13.1,623
6,30.9,12.5,666
7,25.9,5.1,702
2,26.2,19.2,402
1,26.7,11.6,517
3,32.7,16.2,658
4,41.4,26.9,734
5,43.9,24.7,670
6,37,19.3,681
7,38.3,21.7,645
2,32.8,15.8,596
1,42.6,24.5,532
3,52.1,35.4,716
4,44.5,24.1,711
5,48.8,40.3,579
6,54.7,44.9,609
7,37.4,26.2,607
2,34.6,16.7,553
1,39.1,20.8,423
3,36,24.2,501
4,30.4,21.8,571
5,34.8,24.2,537
6,26.1,4.3,622
7,20.4,-1.8,628
2,19.3,-0.7,480
1,6.9,-16.1,309
4,45,41.2,615
5,39.1,26.7,525
6,32.5,11.5,592
7,30.1,8.3,532
2,47.7,29.1,555
1,52.8,31.8,481
3,45.3,26.8,615
4,38,26.6,623
5,40.7,38,660
6,52.6,44.7,663
7,35.5,14.9,476
2,31.9,9.8,388
1,46,21.8,509
3,52.8,31.5,616
4,45.6,23.4,662
5,45.8,28.7,653
6,30.3,5.8,625
7,33.4,21.2,685
2,33.8,12.4,601
1,37.3,14.5,500
3,45.2,27,571
4,55.1,34.3,632
5,57.2,39.4,660
6,70.5,43.2,629
7,61.6,44.3,672
2,50.1,29.6,625
1,56.7,33.1,435
3,46.3,34.7,640
4,48,41.5,608
5,54.5,43,629
6,52,38.3,612
7,52,26.2,644
2,42.3,16.3,540
1,37.8,13.4,479
3,38.6,22.4,617
4,43.2,17.8,628
5,57,30,621
6,49.8,35.5,635
7,57.7,47.3,546
2,46.3,30.2,530
1,45.7,34.5,459
3,47.2,38.4,658
4,48.5,21.2,683
5,44.5,15.4,650
6,58.4,39,652
7,67.3,56.1,702
2,55.4,43.4,597
1,41,21.1,585
3,39.7,26.8,683
4,33,11.4,672
5,37.9,11.3,628
6,52.4,43.2,630
7,47.3,29,696
2,40,24.6,557
1,39.6,16.5,499
3,50.9,32.5,624
4,54,40.6,638
5,47.7,24.1,700
6,50.5,27.2,674
7,51.7,27.9,733
2,53.2,25.6,679
1,56.1,30.7,568
3,63.8,31,687
4,66.3,31.5,732
5,58.5,19.9,697
6,59.5,32.1,694
7,70.3,51.1,741
2,65.6,52,649
1,56.2,23.4,448
3,58,38.5,488
4,54.9,47.3,479
5,51.3,39.2,510
6,52.6,31.6,489
7,51.4,33.3,517
2,52.7,35.7,581
1,49,39.1,484
3,50.1,45.5,589
4,53.3,50.1,711
5,50.4,45.7,653
6,50.9,42,626
7,50.7,45.1,728
2,52.2,46.6,571
1,55.6,42.3,591
3,61.8,33.5,646
4,57.6,28.8,608
5,62.4,38.7,699
6,66.5,41,744
7,61,54.4,766
2,63.5,54.2,589
1,54.6,36.7,510
3,52.5,27.1,742
4,59.1,37.6,624
5,57.8,40.5,676
6,60.3,41.2,694
7,63.4,39.4,782
2,61.7,41.2,568
1,59.7,48,571
3,64.4,50.6,652
4,63.9,52.2,695
5,73.2,47.5,733
6,79.3,48.3,742
7,78.1,58.6,767
2,79.6,62.6,627
1,77.9,59.2,566
3,73,66.6,471
4,76,64.1,760
5,75.3,54.4,772
6,68.4,55.9,683
7,65.4,59.5,710
2,72.4,63.1,635
1,67.5,63.9,466
3,72.6,60.1,758
4,76.4,56,709
5,61.8,47.6,763
6,61.7,38.9,686
7,66.2,36.4,818
2,72.1,50.9,584
1,79.4,55.5,587
3,64.9,45.7,646
4,68,45,717
5,73.2,46.9,739
6,70.6,60.8,689
7,70.2,55.1,748
2,71.3,49.5,700
1,74.2,54.4,559
3,72.8,60.5,745
4,79.2,57.7,681
5,77.2,48.6,751
6,75.2,54.7,643
7,74.6,57.1,811
2,73.1,56.1,688
1,74.7,55.5,582
3,74.3,57,718
4,71.1,67.5,675
5,73.9,63.4,687
6,75.7,56.2,761
7,74.5,64.1,752
2,70.3,56.4,570
1,72.1,52.2,448
3,74.1,58.2,488
4,75.4,67.9,663
5,83.3,66.1,680
6,82.7,70.6,603
7,79.2,70.1,612
2,69.1,62.9,498
1,71.5,63.8,508
3,72.8,58.1,618
4,74.1,62.1,662
5,76.2,65.9,607
6,78.7,72.1,741
7,83,69.8,798
2,81.6,65.1,623
1,81,65.8,574
3,81.9,65.6,725
4,77.7,59,699
5,76.5,52.6,698
6,78.3,61,731
7,82.8,67.2,769
2,87.2,62.9,650
1,84,60,566
3,82.3,69.2,698
4,78.9,68.1,688
5,82.6,61.4,690
6,83.2,66.8,709
7,76.1,68.5,774
2,77,69.4,599
1,74.9,71.3,529
3,72.8,67,569
4,73,62,602
5,71.5,58.9,687
6,72.9,60,715
7,74.5,61.3,700
2,78,67.7,578
1,79,58.7,540
3,78.6,58.1,632
4,78.2,61.5,650
5,79.7,72,618
6,84.3,73.3,672
7,82.4,73.5,729
2,86.9,74.8,614
1,87.8,71.5,521
3,82.6,69.1,643
4,82.5,72.4,644
5,80.8,68.8,658
6,78.8,65.1,635
7,80,66.7,707
2,76.7,69.1,579
1,78,70.2,512
3,73.7,60.4,669
4,71.2,50.4,637
5,76.9,58.6,635
6,77.8,64.2,659
7,82.4,68.3,756
2,80.2,59.2,624
1,78.5,61.9,559
3,80.6,62.4,673
4,77,58.7,622
5,78.9,66.3,661
6,73.9,67.8,675
7,72.6,56.7,697
2,71.2,56.8,498
1,70.8,54.2,466
3,72.8,52.1,419
4,76.7,59,626
5,76,65.7,648
6,78.2,68.1,717
7,85,69.2,715
2,81.1,72.9,598
1,79.4,62.9,538
3,69.5,49.6,648
4,70.8,58.1,779
5,75.7,60.4,779
6,68,49.4,757
7,66.2,52.8,780
2,67.1,56.2,646
1,74.3,66.4,535
3,72.7,69.2,680
4,72.9,66.4,619
5,75.3,58.7,621
6,74.2,51.3,660
7,74,54.7,812
2,65.8,52.5,612
1,61.3,39.7,572
3,63.1,44.4,623
4,68.1,58.4,659
5,64.4,57.8,637
6,60.6,53,624
2,58.4,54.3,581
1,59.6,55.2,486
3,64.6,57.1,490
4,64.5,54.7,523
5,60,47.8,695
6,62.1,52.1,764
7,63.4,53.2,754
2,63,58.5,633
1,58,52.8,480
3,54.3,34.1,539
4,53.4,38,739
5,57.9,48.8,498
6,60.1,54.1,757
7,54.4,38.1,767
2,54,39.7,641
1,59.6,50.2,503
3,69.4,58,585
4,73.1,60.8,590
5,74.8,60.2,676
6,66.6,53.7,662
2,53.4,47.9,629
1,52.4,32.8,534
3,56.1,40.1,573
4,48.6,30.5,566
5,44.2,24.9,706
6,44.2,32.8,831
7,47.8,39.3,798
2,49.2,35.5,614
1,65.4,54,557
3,50.7,37.2,655
4,48.9,37.2,732
5,59.7,48.9,665
6,65.3,54.3,689
7,56.2,37.3,777
2,52,33.6,626
1,54.4,37.1,532
3,46.6,27.3,699
4,52,30.6,620
5,56.4,41,541
6,48.5,32.7,706
7,53.4,31.4,665
2,42.9,19.7,603
1,49,23.6,518
3,53.6,20.8,668
4,51.4,40,741
5,51.6,38.2,705
6,54.3,38.6,707
7,52.5,37.4,776
2,55.2,41.8,692
1,41.2,31.7,529
3,38.2,18.4,684
4,38.4,18.8,765
5,38.8,21.8,807
6,43.2,31.2,428
7,48.6,42.6,455
2,47.7,38.8,463
1,43.5,29.9,466
3,44.3,28.9,647
4,54.2,47.7,752
5,55.8,53,730
6,51.4,42.6,734
7,44.7,27.4,690
2,44.3,26.5,592
1,42.2,22.7,482
3,42.8,31.6,791
4,42.7,29.8,711
5,41.3,36.9,637
6,42.2,30.8,635
7,36,11.9,701
2,31.5,15.4,555
1,30.8,16.9,522
3,38.8,34.9,665
4,39.6,24.8,630
5,39.4,22.8,689
6,27.7,2,749
7,20.7,2.8,792
2,29.9,22.2,623
1,45.5,41.8,521
3,28.4,8.7,722
4,25.8,7.3,719
5,34.3,16.3,676
6,41.6,22.7,700
7,41.8,24.2,692
2,42.1,32.2,554
1,43.9,30.6,365
3,37.5,26,394
4,54.7,45.1,569
5,39.7,24.4,546
6,38.9,29.4,542
7,37.3,25.2,583
2,36.4,19.7,465
1,44.8,22.9,485
3,39.3,28.9,449
4,40.1,39.3,659
5,44.6,37.3,590
6,31.4,9.3,552
7,30.2,16,600
1,20.1,7.2,406
3,18.6,3.1,669
4,27.7,15.3,597
5,45.8,37.8,629
6,55.6,48.4,646
7,51.4,35.8,604
2,31.1,16.4,495
1,33,23.8,490
3,35,20,477
4,40,30.4,657
5,39.2,37.7,549
6,42.1,35,610
7,41.9,33,605
2,42.9,41,475
1,44.5,43.6,411
3,41.2,35.4,667
4,36.2,35.1,564
5,40.5,30.4,576
6,49.2,34.4,563
7,41.8,24.6,583
2,36.6,20.9,501
1,38.4,18.6,428
3,34.6,13.9,545
4,29.3,15.8,571
5,39.6,26.6,574
6,39.5,22.2,586
7,30.6,11,609
2,27.6,5.2,541
1,35.2,13.9,429
3,41.6,20.4,568
4,39.3,34.9,626
5,45.9,39.9,673
6,33.3,23.6,507
7,24.2,6.2,708
2,37.3,21.5,511
1,34.7,28.7,439
3,35.2,24.7,642
4,32.6,18.8,688
5,40.3,29.5,603
6,33.6,19.1,652
7,32.1,14.1,680
2,45.7,21.7,570
1,59.9,32.1,438
3,50.5,25.4,428
4,40.8,18.8,483
5,47.2,35.4,477
6,53,44.9,581
7,62.7,51.6,657
2,57.3,53.5,573
1,41.5,24.8,462
3,42.2,19.2,540
4,51.1,37.4,591
5,58.6,53.5,571
6,52,28.1,653
7,34.5,8.9,745
2,25.1,1.8,536
1,22.8,-8.1,489
3,33.5,5.8,618
4,45.6,37.1,637
5,54.2,36.7,609
6,55.5,16.8,665
7,39.2,23.9,612
2,23.2,4,548
1,23.8,3.3,516
3,26,3.9,792
4,29.6,24.9,374
5,23.2,9.4,650
6,29.7,9.8,839
7,36.3,12.6,756
2,36.3,22.5,504
1,38.7,23.9,550
3,41.5,13.9,750
4,48.5,24.2,636
5,39.7,11.2,617
6,30.2,0.9,703
7,43.3,20.2,654
2,54.1,36.9,571
1,40.3,34.5,456
3,42.5,40,629
4,43.8,42.3,592
5,48.4,37,672
6,44.3,23.1,639
7,40.4,35.9,753
2,40.3,35.1,591
1,49.8,29.8,514
3,55.3,30.8,646
4,49.1,44.9,598
5,51.2,43.5,587
6,44.1,41.4,713
7,47.7,36.8,694
2,45.9,22.5,627
1,53.2,22.7,541
3,62.5,36.3,634
4,69.4,47,519
5,65.2,51,540
6,57.4,32.8,590
7,56.4,26.5,515
2,56.8,36.6,495
1,70.1,54.5,481
3,69.3,45.6,488
4,57.4,32,516
5,48.1,38.3,580
6,54.6,47.8,632
7,51.4,48,690
2,51.8,48.4,551
1,53.7,37.3,517
3,54.2,42,541
4,51.8,48.3,723
5,55.1,53.9,630
6,61.4,57.8,688
2,75.1,57.1,661
1,62.6,43.9,470
3,57.2,49.7,639
4,69.3,54.1,743
5,61.4,34.9,714
6,55,32.3,701
7,53.7,49.5,776
2,59.7,55.6,685
1,52.6,43.1,514
3,50.3,32.6,638
4,53.3,33.1,651
5,56.9,38,668
6,53.5,37.1,686
7,54.1,42.1,817
2,50.5,46.5,683
1,52.8,44.6,633
3,59.1,41.6,729
4,66.2,44.1,694
5,76,53.2,753
2,63.4,46,612
1,59.3,39,618
3,56.7,51.8,719
4,62.2,52.9,659
5,62.3,50.9,641
6,57.6,54.2,742
7,62.1,55.6,776
2,66.2,54.2,475
1,63.8,55.8,474
3,58.2,53.1,371
4,57.1,53.5,647
5,63.1,58.6,669
6,68.4,54.9,654
7,68,43.2,737
2,64.3,41.3,637
1,63.3,45.2,468
3,62.5,58.8,656
4,56.8,54,660
5,57.8,47.4,675
6,62,49.5,660
7,66,46.8,770
2,75.7,53.2,665
1,81.3,59.3,702
3,84,60.8,804
4,86,62.7,829
5,77.4,63.3,754
6,70.1,51.6,771
7,66.1,59.2,657
2,68.7,65.5,654
1,75.9,70.8,593
3,79.3,72.1,819
4,75.3,63,813
5,77.5,58.3,744
6,75.8,59.2,845
7,79.7,70.5,793
2,77.8,65.9,753
1,76.1,58,590
3,72.4,51,669
4,70,54.5,757
5,69.7,49.1,730
6,74.6,58,767
7,79.3,64.8,747
2,79,70.2,595
1,77.8,66.8,537
3,80.4,62.7,617
4,76.7,60.1,424
5,76.7,57.7,706
6,72.9,59.1,611
7,72.9,66.5,674
2,75.7,67.2,585
1,75.2,54.9,512
3,76.3,57.6,667
4,78.8,67.9,638
5,82.3,69.4,677
6,83,70.7,759
7,69.7,66.3,707
2,73.8,65.9,649
1,76.8,62,515
3,78.2,66.8,639
4,79.6,69.5,706
5,83.2,68.3,747
6,85.7,67.8,774
7,82.5,66.8,733
2,83.8,65,648
1,74.6,69.9,554
3,69.3,64.4,620
4,65.8,59,595
5,69.7,56.9,635
6,70.8,62.7,610
7,76.8,68.1,685
2,72.9,56.2,512
1,72.4,51.4,606
3,76.1,56.5,656
4,80.2,61.7,705
5,77.6,67.4,618
6,75.2,66.4,713
7,76.8,67.2,758
2,74.6,67.6,573
1,70.2,52.8,519
3,68,59.9,606
4,69.4,62.7,631
5,74,57.5,655
6,75.3,60.2,650
7,74.3,58.5,655
2,71,65.2,526
1,76.1,64.9,563
3,75.4,61.8,602
4,72.1,68.4,577
5,76,66.3,600
6,75.7,59.6,639
7,76.4,72.7,612
2,77.9,68.2,638
1,76.6,60.7,538
3,77.9,62.7,627
4,80.6,71.3,684
5,76.4,62.6,629
6,72.9,52,631
7,70.5,53.5,633
2,70,48.9,570
1,69.2,48.7,498
3,69,53.4,584
4,65.7,57.5,614
5,67.1,55.4,671
6,72.1,57.6,618
7,64.3,41.7,681
2,61.9,45.4,562
1,62.1,59.3,518
3,69.3,57,532
4,75.6,64.4,707
5,67.8,62.1,608
6,64.4,57.2,790
7,64.9,49.6,740
2,62,48.3,608
1,63.7,49.1,533
3,65.4,48.3,735
4,69,53.5,680
5,71.4,59.5,738
6,74,67.3,728
7,74.2,63.3,827
2,74.6,67.6,623
1,73.2,66.6,586
3,70.7,65.3,672
4,72.3,65.4,661
5,74.2,64,583
6,75.4,63.1,535
7,74.3,54,614
2,76.7,52.8,631
1,78.5,60.2,587
3,78.6,64.4,726
4,73.8,65.3,656
5,76,68.1,696
6,73.9,59.2,740
7,61.5,43.6,757
2,60.2,47.8,550
1,58.3,44.3,571
3,61.4,41.7,739
4,62.5,49.2,687
5,64,52,711
6,71.7,58.2,657
7,73.3,61.9,649
2,72.5,64.8,570
1,73.9,69.7,521
3,73.9,71.5,546
4,73.8,63.7,768
5,69.7,58.7,628
6,60.7,52.3,603
7,58.3,48.5,658
2,65.5,60.6,567
1,68.7,62.4,496
3,61,48.7,641
4,49.8,32.2,736
5,58.5,40.8,737
6,63.2,44.6,766
7,64.8,39.1,823
2,65.5,37.6,583
1,66,46.9,528
3,66.7,59.7,669
4,69.7,65.5,685
5,63.2,53.4,648
6,56.2,40,658
7,53.8,36.4,759
2,60.7,47.4,615
1,63.1,61.2,613
3,55.6,46.7,832
4,52,33.2,696
5,50,33.6,607
6,63.4,56.2,746
7,66.8,57.5,776
2,51.5,35.5,613
1,55,49.9,519
3,62.1,58.1,682
4,46,35.4,710
5,42.8,36.2,662
6,46.6,37.2,702
7,41.3,25,724
2,29.2,9.1,623
1,37.8,19.3,539
3,43.8,33.2,699
4,41.3,32.1,647
5,42.7,32,713
6,51.4,41.6,811
7,43.6,25,814
2,42.6,26.4,629
1,52.1,40.7,573
3,41.5,24.8,748
4,48,28.3,790
5,51,40.5,774
6,36.6,19.2,469
7,41.2,21.7,502
2,48.7,30.4,456
1,47.1,29,485
3,43.5,24.3,635
4,43.3,28.3,649
5,53.6,36.6,701
6,43.7,28.8,663
7,48.8,37.1,772
2,43.5,29,575
1,45.4,36.2,448
3,45.1,38.7,684
4,54.2,46.2,704
5,49.3,34.5,651
6,40.8,19.1,693
7,37.1,18.6,682
2,33.6,21.9,538
1,33,24.5,513
3,36.6,21.9,725
4,43.7,31.9,687
5,26.9,8.1,709
2,28.9,19,661
1,34.7,22.3,547
3,38.7,30.3,706
4,49.5,35.7,657
5,46,24.3,700
6,35.6,16.6,742
7,40,24.1,720
2,41.3,39.2,565
1,40,30.1,469
3,35.7,25.5,333
4,26.4,3.1,543
5,21.8,1.4,577
6,16.2,-3.4,609
7,15.4,-0.8,598
2,19.7,7.5,565
1,20.9,12.3,462
3,11.7,-4.6,453
4,17.9,2.8,654
5,21.6,2.1,645
6,25.7,14.6,464
7,14.9,-2.5,700
2,10.2,-9.4,599
1,9.7,-6.6,475
3,22.5,7.7,720
4,35.6,22.3,684
5,35.1,21,687
6,44.7,36.7,696
7,54.5,52.8,704
2,43.6,36.8,603
1,19.2,0.6,494
3,21.4,7.9,523
4,29.1,22.2,617
5,33.6,29.9,611
6,24.7,9.2,634
7,30.4,13.7,599
2,43.3,21.8,530
1,46,28.3,418
3,45.1,37,559
4,46.7,43.4,531
5,41.3,24.4,615
6,28.2,6.7,602
7,30.7,4.8,677
2,42.6,28.2,510
1,51.2,42.8,412
3,43.3,28.8,531
4,33.1,25.6,579
5,24.9,6.8,596
6,37.5,21.2,594
7,31.9,18.1,617
2,21.8,2.6,478
1,35.2,20.6,541
3,36.6,26,706
4,31,13.5,545
5,32.9,25,653
6,31,18.2,616
7,29.9,14.7,583
2,43,37.6,549
1,48.3,47.3,479
3,48.4,36.6,543
4,32.1,12.5,613
5,41.1,29.8,671
6,51,44.3,645
7,55.3,49.2,582
2,34.5,18.7,604
1,37.2,27.4,472
3,42.5,31.4,435
4,54.4,50.1,535
5,65.9,56.8,601
6,48.7,39,550
7,37.6,34.1,548
2,46.1,40.5,540
1,42.4,39.8,448
3,45.7,34.8,557
4,46.5,21,631
5,49.7,28.3,654
6,55.6,37.8,619
2,40.3,28,609
1,40.8,25.4,457
3,37,21.5,616
4,38.6,24.1,676
5,35.6,31.7,517
6,35.7,28,633
7,35.3,21.7,751
2,35.7,19.9,567
1,37.7,18.8,465
3,37.8,24.4,679
4,35.8,29.6,578
5,34.8,19.7,652
6,36.8,20.5,689
7,35.9,20.3,753
2,35.6,11.7,562
1,36.2,5.8,526
3,39.4,10.8,686
4,35,8.8,597
5,34.6,24.9,477
6,37.7,26.9,760
7,41.6,20.8,732
2,42,18.7,550
1,39.5,21.7,491
3,40.6,20.3,710
4,39.8,21.8,627
5,43.9,33.7,629
6,50.8,44.8,613
7,52.5,46.3,580
2,46.6,21.5,589
1,51.1,27.8,399
3,39.4,25.8,562
4,40.6,34.1,551
5,46.7,39,554
6,40.2,13.9,531
7,44.8,25,515
2,45.7,23.7,487
1,38.6,13.9,468
3,38,15.2,625
4,42.9,28.2,668
5,44.2,20.3,612
6,51.5,33.2,610
7,67.3,41.9,755
2,67.9,48.3,624
1,42.8,33.6,510
3,45.5,42,741
4,44.6,30.7,600
5,43.9,26,662
6,45,33.7,706
7,42,22.8,707
2,48.3,22.2,584
1,54.5,17.7,568
3,54.7,27.8,675
4,55.6,38.4,671
5,56.3,53.3,626
6,59.7,47.6,729
7,55.7,44.6,690
2,56.4,48.6,604
1,52.7,41.6,505
3,48,31.6,656
4,61.1,31,713
5,77,34.6,792
6,80.9,48.8,790
7,76.3,63.2,723
2,70.6,42.8,602
1,63.8,47.2,495
3,62.5,49.3,695
4,61.7,48.3,736
5,63,46.8,711
6,59.4,51.9,663
7,64.2,44.9,805
2,58,45.8,602
1,52.9,49.8,529
3,58,53.2,689
4,69.5,61.8,778
5,62.4,58.2,686
6,61.2,58.5,732
7,64.3,51.8,616
2,53.8,46,583
1,67.5,60.9,578
3,68.1,49.9,626
4,63,51.1,689
5,66.7,57.5,729
6,73.2,46.6,770
7,75.3,50.6,799
2,79.9,64.5,601
1,67.2,60.5,487
3,60.4,53.3,409
4,72.8,61.9,809
5,70,62.3,708
6,64.8,60.4,698
7,70.2,66.2,751
2,76.8,68.2,622
1,64,55.7,525
3,58.8,51.9,698
4,65.6,52.2,688
5,63.8,48.8,651
6,63.6,53.2,693
7,69.1,58.1,757
2,74.4,56.2,706
1,68.3,53.2,533
3,63.9,50.3,686
4,64.6,46.8,720
5,68.7,60.5,706
6,75.8,55.1,833
7,70.2,50.2,728
2,73.1,50.2,677
1,77.5,52.6,627
3,80.9,65.1,808
4,80.6,65.5,812
5,75.9,54.2,698
6,74,62.4,815
7,71,59.8,728
2,64.2,58.2,513
1,72.3,65,553
3,74.1,57.7,733
4,70.5,52.1,762
5,69.3,59.1,540
6,73.3,69.7,737
7,79,64.6,845
2,83.1,59.4,651
1,86.4,67.6,563
3,86.6,69.4,719
4,82.5,74.4,678
5,80.4,73,406
6,81,72.2,720
7,78.2,71,654
2,70.3,47.6,526
1,71.3,51.4,545
3,75.7,54.9,672
4,80.8,58.8,727
5,80.9,63.3,627
6,74.3,60.4,642
7,75.5,58.8,726
2,78.5,59.7,577
1,75.5,67.7,564
3,81.5,70.6,719
4,79.2,72,680
5,74.4,62.3,688
6,74.4,50.7,739
7,74.2,59.7,700
2,71.8,58.8,622
1,72.7,69.8,540
3,75.6,73.3,614
4,77.8,72.8,654
5,75.8,73,657
6,76.5,71,606
7,78.9,69.9,753
2,75.6,69,637
1,76.4,61.6,463
3,74.6,61.2,580
4,73,64.6,709
5,77.2,71.6,660
6,80.8,71.1,722
7,77,73.2,749
2,77.8,71.4,605
1,81.8,67.3,573
3,84.4,69.6,632
4,82.5,73.1,658
5,80.4,71,656
6,80.7,69.5,709
7,79.3,62.6,707
2,74.6,69.7,568
1,76,70.8,499
3,73.6,70.6,617
4,74.1,70.6,701
5,76.9,66.4,645
6,82,68.1,647
7,82.5,71.4,703
2,76.9,71.9,579
1,70.8,65.4,490
3,70.3,62.6,562
4,71.7,63.7,580
5,75.5,67.8,599
6,72.1,55.9,610
7,73,56.4,681
2,73.2,57.9,552
1,74.8,62.8,528
3,80.3,68.9,651
4,85.5,71.7,715
5,86.5,71.8,685
6,84.2,69.7,736
7,74.9,64.5,623
2,72.6,61.7,529
1,73.4,65.7,528
3,80.7,72.4,533
4,83.8,70,786
5,82,71.7,768
6,82.5,73,822
7,73.9,68.8,671
2,68.3,58.9,568
1,59.1,53.7,556
3,58.7,56.6,650
4,66.8,64.6,544
5,73.5,71.2,783
6,71.7,68.7,718
7,71.3,66.5,684
2,72,65.2,596
1,73.8,64.5,597
3,73.2,67.3,673
4,74.8,71.5,740
5,73.8,66.2,519
6,68.1,60.4,659
7,68.7,61.5,715
2,70.4,58.6,562
1,62.9,51.9,475
3,63,53.9,594
4,64.5,60.7,715
5,74.9,71.7,755
6,67.7,56.7,672
7,61.6,56.3,712
2,63.6,54.9,604
1,62.4,50.3,510
3,68.5,61.5,583
4,71.9,65.6,613
5,68.4,61.7,778
6,67.7,62.5,717
7,66.4,57.1,796
2,64.2,59.5,544
1,71.6,66.9,529
3,68.2,64.6,501
4,69.8,66.1,628
5,73.3,68.5,708
6,73.1,70,741
7,62.3,52.9,830
2,51.5,40.4,577
1,51.9,41.3,516
3,58.8,53.3,692
4,54.7,40.4,688
5,53.1,38.2,699
6,46.7,25.1,735
7,49.2,33,787
2,56.8,47.3,629
1,47.9,33.1,593
3,44.2,30.3,650
4,54,40,681
5,50,34,719
6,45.5,30.6,763
7,43.7,31.4,747
2,47.4,43.8,757
1,48.5,44.4,556
3,51.4,44.1,696
4,48.3,32.3,721
5,53.1,38,646
6,62.2,52.7,696
7,67.7,61.4,746
2,58.4,51.3,656
1,48.9,33,502
3,50.2,43.8,759
4,52.7,51.6,679
5,57,44.3,696
6,52,32.8,631
2,45.9,34.7,606
1,38.8,20.5,500
3,42.8,26.8,497
4,46.6,41.8,754
5,38.7,19.3,688
7,38.9,33.8,720
2,42,30,559
1,42.2,27.5,470
3,45.5,37.3,697
4,45.4,36.9,695
5,40.1,25,732
6,25.2,3.2,412
7,22.3,1.7,476
2,36.7,23.4,536
1,49.1,42.4,483
3,50,40.9,743
4,43.3,34.5,609
5,38.6,24.8,573
6,41.8,25.9,646
7,39.9,27.7,743
2,41.2,32.5,601
1,47.4,45.5,558
3,53.5,44.6,697
4,40.7,22.5,684
5,32.5,16.4,652
6,34.5,18.8,681
7,36.5,17.6,705
2,29.7,13,652
1,32.1,16.4,465
3,33.4,17.3,651
4,34.2,20.2,707
5,36.1,21.7,631
6,35.9,26.2,686
7,44.4,39.3,841
2,49.7,46.5,628
1,42.2,37.1,622
3,40.4,32,689
4,35.5,15.8,731
5,32.1,16.4,749
6,41.8,31.3,806
7,54.7,53.3,782
2,47.9,39.9,568
1,40,23.5,505
3,39.5,29.8,580
4,36.8,21.3,328
5,36.8,21.4,514
6,40.3,26.6,582
7,48.8,44.8,681
2,51.9,41.7,499
1,37.4,25.7,404
3,41,33.5,622
4,50.5,43.2,430
5,38,23.2,502
6,41.1,29.4,504
7,39.7,26.4,598
2,44.2,41,455
1,43.5,30,376
3,29.5,7.7,584
4,38.9,31.3,571
5,42.7,30.1,514
6,33,16.1,580
7,26.7,6.8,644
2,25.6,4.9,520
1,29.4,9.9,374
3,26.7,11.2,703
4,29.3,12,618
5,34,19.6,579
6,30.1,10,586
7,33.4,26.3,596
2,35.1,23.4,479
1,34,29.5,411
3,10.7,-5.3,412
4,18.9,-0.6,627
5,35.5,15.8,553
6,52.3,47.5,592
7,36,17.7,666
2,29.1,3.5,533
1,39.6,22.2,445
3,31.4,11.7,565
4,32.7,21.7,681
5,28.6,15.7,630
6,8.4,-13,601
7,14.9,-7.7,651
2,23.3,5,577
1,39,25.8,490
3,48.3,32.9,651
4,53.4,39.4,570
5,43.1,30.2,615
6,41.4,38.7,588
7,45,36.1,661
2,29.5,6.3,540
1,28.3,8.7,445
3,33.9,16.4,568
4,30.8,18,687
5,36.5,29,639
6,37.3,18.7,664
7,48.4,34.5,616
2,42.3,21.8,535
1,32.2,14.8,439
3,35.6,29.7,406
4,28.2,8.9,527
5,28.7,13.2,615
6,37.9,32,597
7,42.3,23.2,546
2,37.3,22.7,439
1,40.9,37.5,401
3,40.8,17.2,700
4,30.1,6.3,670
5,26.3,7.1,529
6,31,17.7,699
7,30.2,19.6,711
2,34.7,29,642
1,38.4,26.3,503
3,34.6,27.4,503
4,27.2,7.8,639
5,23.3,3.8,589
6,24.1,5.3,556
7,30.5,11.1,652
2,39.4,20.8,523
1,38.5,32.9,462
3,45.7,31.1,645
4,40.1,17.2,586
5,38.6,18.7,562
6,47.3,31.7,611
7,58.2,48,673
2,51.2,30,550
1,39.1,12.2,419
3,38.3,11.2,575
4,41.6,15.5,565
5,44.3,24.1,584
6,43.9,37.8,624
7,43.7,36.5,718
2,40.6,20.1,530
1,47.3,11.8,466
3,52.5,25.3,526
4,42.1,5.1,610
5,39.7,9.7,562
6,42.4,26.6,644
7,52.8,37.8,563
2,58.8,43.2,516
1,54.7,42.1,450
3,40,15.6,602
4,43.7,19.4,553
5,51.6,28.3,613
6,52.3,14.8,660
7,42,17.6,701
2,49,38.8,587
1,58.2,39,487
3,63.6,50.3,594
4,49,43.9,537
5,51.8,33.3,633
6,46,20.7,537
7,52.9,36.3,688
2,65.4,57.7,599
1,67.4,57.9,457
3,57.6,47.7,657
4,52.4,20.9,638
5,54.6,30.9,621
6,55,41.4,540
7,66,56.5,551
2,61.1,58.6,456
1,57.4,48.8,398
3,57.1,49,522
4,63.3,50.6,592
5,65,44,515
6,56.3,39.5,518
7,53.5,50,500
2,54.3,37,526
1,49.6,36.4,395
3,49.5,29.7,565
4,52.4,46.8,587
5,53.7,44.1,599
6,58,51.5,668
7,52.9,48.6,651
2,58.5,54.6,553
1,55.2,53.4,529
3,57.7,47.8,630
4,60.1,49,647
5,61,49.9,649
6,55.9,43.3,593
7,61.8,54.1,660
2,64.1,47.9,637
1,50.2,46.7,589
3,45.1,43.6,613
4,46.7,43.4,621
5,53.5,42.3,691
6,62.8,44.8,642
7,67.8,51.5,726
2,65.4,46.4,649
1,66.9,55.1,547
3,74.9,63.6,689
4,66.1,40.7,745
5,64.4,36.1,693
6,64.2,51.5,722
7,68.8,55,728
2,63,48.6,520
1,70.3,58.1,510
3,72.3,54.3,442
4,67.2,55.8,654
5,65.6,60.2,601
6,60,57,625
7,69.1,60.1,765
2,71.1,56,557
1,71.2,60.1,515
3,64.4,44.9,659
4,62.4,39.3,615
5,70.7,53.9,655
6,75.5,64.9,744
7,72.8,59.3,734
2,71.6,53.7,580
1,68.3,47,526
3,63.4,55.6,613
4,69.9,57.9,682
5,67.1,45.6,686
6,62.4,54.1,634
7,63.8,52.5,749
2,70.7,47.4,620
1,72.8,60.7,509
3,72.9,65.8,552
4,70.8,67.2,721
5,68,65.9,591
6,69.2,67.5,697
7,70.9,62.9,771
2,71.3,49.1,635
1,73.7,50,559
3,76.1,54.9,731
4,76.1,68.3,662
5,78.6,63.7,803
6,81.3,59.5,734
7,81.2,58.2,753
2,80.4,65.1,660
1,76,61.9,569
3,74.3,55.2,693
4,78.4,60.2,591
5,79.6,67.2,654
6,81,65.7,394
7,77.5,69.5,542
2,80.7,72.6,471
1,78.5,67.3,441
3,72.6,62.7,592
4,77.7,61.3,661
5,80.7,64.3,553
6,78.5,66.8,658
7,77,68.4,747
2,77.7,62.5,558
1,82,61.5,497
3,78.2,56.2,637
4,81.5,61.3,658
5,85.3,70.4,630
6,75.1,72.8,620
7,78.8,71.2,666
2,88.2,73.3,586
1,88.7,73.6,477
3,81.7,70.7,641
4,71.3,67.4,553
5,73.5,62.2,626
6,76.4,58.6,605
7,77.6,60,650
2,78.2,62.3,602
1,79.9,64.6,527
3,81.2,66.3,649
4,84.2,68.7,638
5,78.9,67.8,604
6,76.9,64.3,618
7,78.2,61.4,610
2,77.7,67.1,566
1,76.7,65.9,499
3,76.3,60,616
4,74.6,68.8,551
5,75.7,70.1,608
6,74.1,66.5,646
7,72.8,62.9,645
2,73.7,53.1,572
1,72.3,51.5,484
3,76,56,586
4,75.8,66.8,469
5,76.6,68.8,537
6,75.6,66,560
7,73.5,65.6,523
2,77.4,70.3,533
1,79.3,72.9,481
3,78.5,69.3,563
4,80.4,66.1,574
5,79.6,70.7,522
6,80.7,69.2,587
7,70.2,64,569
2,69.7,52.2,514
1,69.2,55.1,482
3,66.5,53.9,494
4,67.7,56.8,529
5,69.7,64.8,553
6,73.1,58.9,592
7,75.5,56.5,630
2,75.8,55.8,502
1,71,54.2,473
3,70.8,64.8,427
4,73.6,62.2,652
5,75.3,65.2,600
6,71,55.7,628
7,64.8,57.2,591
2,64.2,52.8,489
1,69.1,54.8,462
3,70.5,57.3,603
4,70.4,64.3,605
5,76.1,66.2,624
6,76.5,68.2,689
7,63.5,53.9,687
2,67.8,57.7,488
1,74.5,60.8,604
3,72.9,59.4,620
4,69.5,47.7,635
5,64,49.7,605
6,60.6,38,605
7,65.6,45.7,688
2,71.8,49.8,577
1,75.1,59.7,515
3,78.7,64,639
4,72.2,55.8,628
5,67.9,49.4,604
6,70.5,57.6,645
7,66.3,51.7,703
2,71.3,60.2,532
1,74.4,58.8,488
3,65.3,48.5,435
4,69.9,57.9,454
5,78.7,66.2,688
6,58.5,55.3,690
7,59.2,49.8,708
2,52,35.2,557
1,62.8,52.4,435
3,71.5,60.6,575
4,60.5,51.4,523
5,56.6,46.7,383
6,59.5,42.3,615
7,59.4,37.9,606
2,59.8,46.6,502
1,59.5,45.9,441
3,63.7,49.2,400
4,58.4,37.9,549
5,59.6,52,658
6,55,43.7,608
7,53.2,38,634
2,50.8,35.8,586
1,54.3,46.4,500
3,56.4,46.9,559
4,57.5,51.3,562
5,60.6,48.6,669
6,57.7,34.8,613
7,58.1,45.8,647
2,58.7,44.6,525
1,59.5,54.1,467
3,58.9,50.1,607
4,56.6,53.1,639
5,60,58.2,595
6,64.7,62.9,616
7,54.9,39,782
2,46,30.4,506
1,47.9,30.4,479
3,48.5,29,623
4,56,44.5,440
5,51,30.8,615
6,52,33.5,669
7,37.9,22.2,676
2,33.3,16.2,502
1,43.9,24,457
3,53.2,38.1,481
4,46.5,35.2,595
5,27.6,5.1,599
6,35,14.5,545
7,43.2,22,621
2,39.1,9.4,527
1,35.8,15.8,444
3,39.3,33.9,743
4,42.9,37.6,630
5,43.2,30.6,526
6,44.8,29.2,647
7,49.2,34.8,633
2,40.3,20.3,528
1,42.6,37,517
3,44.8,32.6,641
4,51.6,36.6,702
5,54.3,43.2,561
6,49.2,32,374
7,36.1,22,425
2,36.3,16.8,465
1,33.3,21,409
3,35.3,32.7,580
4,32.4,26,620
5,35.3,27.1,552
6,38.6,27.5,597
7,40.6,23.7,563
2,36.6,18.2,566
1,34,18.5,455
3,46.8,43.4,737
4,55.8,51.6,667
5,37.3,30.4,578
6,31.1,11,599
7,39.1,30.9,760
2,50.1,49.1,577
1,44.8,29.3,503
3,35.6,17.3,519
4,33.5,29.8,700
5,33,24.8,701
6,21.3,7.7,699
7,25.8,10.8,698
2,28.2,15.5,520
1,36.6,23.4,510
3,46.5,27,593
4,45,24.5,530
6,39.8,34.3,414
7,49.4,40.9,448
2,48,37.4,355
1,42.6,30.2,384
3,39.4,38.3,518
4,38.7,34.9,443
